timestamp,filename,prediction,confidence,device2026-10-04 23:34:27,IM-0001-0001..jpg,PNEUMONIA,96.37,cpu
2026-10-04 23:35:03,person1_virus_6..jpg,PNEUMONIA,99.88,cpu
2026-10-04 23:35:17,person1_virus_7.jpeg,PNEUMONIA,99.99,cpu
2026-10-04 23:35:29,person1_virus_13.jpeg,PNEUMONIA,90.95,cpu
2026-10-04 23:38:18,IM-0003-0001.jpeg,NORMAL,70.67,cpu
2026-10-04 23:38:33,IM-0011-0001.jpeg,NORMAL,98.76,cpu
2026-10-04 23:38:51,IM-0011-0001-0001.jpeg,NORMAL,77.01,cpu
2026-10-04 23:39:08,IM-0027-0001..jpg,PNEUMONIA,88.5,cpu
2026-10-04 23:39:13,IM-0027-0001..jpg,PNEUMONIA,88.5,cpu
2026-10-04 23:41:01,IM-0015-0001..jpg,PNEUMONIA,69.64,cpu
2026-10-04 23:41:28,person57_virus_113.jpeg,PNEUMONIA,99.5,cpu
